ExperimentTitle,SampleName,SampleDescription,SequencingDate,FileName,FileLocation
Timing is everything in autumn - coordination of senescence onset by a transcriptional program in response to environmental and phytohormone signals,75,Tree 16_21 of genotype 1 from block 8 collected on day of year 225 at 4 o'clock,2019-04-15T10:00:00,P12255_117_S16_L001_R1_001.fastq.gz,/mnt/picea/projects/aspseq/sjansson/senescence-RNA-Seq/raw
Timing is everything in autumn - coordination of senescence onset by a transcriptional program in response to environmental and phytohormone signals,75,Tree 16_21 of genotype 1 from block 8 collected on day of year 225 at 4 o'clock,2019-04-15T10:00:00,P12255_117_S16_L001_R2_001.fastq.gz,/mnt/picea/projects/aspseq/sjansson/senescence-RNA-Seq/raw
Timing is everything in autumn - coordination of senescence onset by a transcriptional program in response to environmental and phytohormone signals,78,Tree 7_8 of genotype 81 from block 2 collected on day of year 225 at 4 o'clock,2019-04-15T10:00:00,P12255_110_S10_L001_R1_001.fastq.gz,/mnt/picea/projects/aspseq/sjansson/senescence-RNA-Seq/raw
Timing is everything in autumn - coordination of senescence onset by a transcriptional program in response to environmental and phytohormone signals,78,Tree 7_8 of genotype 81 from block 2 collected on day of year 225 at 4 o'clock,2019-04-15T10:00:00,P12255_110_S10_L001_R2_001.fastq.gz,/mnt/picea/projects/aspseq/sjansson/senescence-RNA-Seq/raw
Timing is everything in autumn - coordination of senescence onset by a transcriptional program in response to environmental and phytohormone signals,80,Tree 3_28 of genotype 1 from block 5 collected on day of year 225 at 4 o'clock,2019-04-15T10:00:00,P12255_121_S20_L001_R1_001.fastq.gz,/mnt/picea/projects/aspseq/sjansson/senescence-RNA-Seq/raw
Timing is everything in autumn - coordination of senescence onset by a transcriptional program in response to environmental and phytohormone signals,80,Tree 3_28 of genotype 1 from block 5 collected on day of year 225 at 4 o'clock,2019-04-15T10:00:00,P12255_121_S20_L001_R2_001.fastq.gz,/mnt/picea/projects/aspseq/sjansson/senescence-RNA-Seq/raw
Timing is everything in autumn - coordination of senescence onset by a transcriptional program in response to environmental and phytohormone signals,84.1,Tree 9_22 of genotype 48 from block 6 collected on day of year 225 at 4 o'clock technical replicate number 1,2019-08-02T10:00:00,P13264_101_S66_L004_R1_001.fastq.gz,/mnt/picea/projects/aspseq/sjansson/senescence-RNA-Seq/raw
Timing is everything in autumn - coordination of senescence onset by a transcriptional program in response to environmental and phytohormone signals,84.1,Tree 9_22 of genotype 48 from block 6 collected on day of year 225 at 4 o'clock technical replicate number 1,2019-08-02T10:00:00,P13264_101_S66_L004_R2_001.fastq.gz,/mnt/picea/projects/aspseq/sjansson/senescence-RNA-Seq/raw
Timing is everything in autumn - coordination of senescence onset by a transcriptional program in response to environmental and phytohormone signals,84.2,Tree 9_22 of genotype 48 from block 6 collected on day of year 225 at 4 o'clock technical replicate number 2,2019-08-07T10:00:01,P13264_101_S6_L001_R1_001.fastq.gz,/mnt/picea/projects/aspseq/sjansson/senescence-RNA-Seq/raw
Timing is everything in autumn - coordination of senescence onset by a transcriptional program in response to environmental and phytohormone signals,84.2,Tree 9_22 of genotype 48 from block 6 collected on day of year 225 at 4 o'clock technical replicate number 2,2019-08-07T10:00:01,P13264_101_S6_L001_R2_001.fastq.gz,/mnt/picea/projects/aspseq/sjansson/senescence-RNA-Seq/raw
Timing is everything in autumn - coordination of senescence onset by a transcriptional program in response to environmental and phytohormone signals,85.1,Tree 11_14 of genotype 48 from block 4 collected on day of year 225 at 4 o'clock technical replicate number 1,2019-08-02T10:00:02,P13264_102_S67_L004_R1_001.fastq.gz,/mnt/picea/projects/aspseq/sjansson/senescence-RNA-Seq/raw
Timing is everything in autumn - coordination of senescence onset by a transcriptional program in response to environmental and phytohormone signals,85.1,Tree 11_14 of genotype 48 from block 4 collected on day of year 225 at 4 o'clock technical replicate number 1,2019-08-02T10:00:02,P13264_102_S67_L004_R2_001.fastq.gz,/mnt/picea/projects/aspseq/sjansson/senescence-RNA-Seq/raw
Timing is everything in autumn - coordination of senescence onset by a transcriptional program in response to environmental and phytohormone signals,85.2,Tree 11_14 of genotype 48 from block 4 collected on day of year 225 at 4 o'clock technical replicate number 2,2019-08-07T10:00:01,P13264_102_S7_L001_R1_001.fastq.gz,/mnt/picea/projects/aspseq/sjansson/senescence-RNA-Seq/raw
Timing is everything in autumn - coordination of senescence onset by a transcriptional program in response to environmental and phytohormone signals,85.2,Tree 11_14 of genotype 48 from block 4 collected on day of year 225 at 4 o'clock technical replicate number 2,2019-08-07T10:00:01,P13264_102_S7_L001_R2_001.fastq.gz,/mnt/picea/projects/aspseq/sjansson/senescence-RNA-Seq/raw
Timing is everything in autumn - coordination of senescence onset by a transcriptional program in response to environmental and phytohormone signals,90,Tree 1_14 of genotype 1 from block 3 collected on day of year 225 at 4 o'clock,2019-04-15T10:00:00,P12255_118_S17_L001_R1_001.fastq.gz,/mnt/picea/projects/aspseq/sjansson/senescence-RNA-Seq/raw
Timing is everything in autumn - coordination of senescence onset by a transcriptional program in response to environmental and phytohormone signals,90,Tree 1_14 of genotype 1 from block 3 collected on day of year 225 at 4 o'clock,2019-04-15T10:00:00,P12255_118_S17_L001_R2_001.fastq.gz,/mnt/picea/projects/aspseq/sjansson/senescence-RNA-Seq/raw
Timing is everything in autumn - coordination of senescence onset by a transcriptional program in response to environmental and phytohormone signals,91,Tree 3_17 of genotype 81 from block 3 collected on day of year 225 at 4 o'clock,2019-04-15T10:00:00,P12255_126_S24_L001_R1_001.fastq.gz,/mnt/picea/projects/aspseq/sjansson/senescence-RNA-Seq/raw
Timing is everything in autumn - coordination of senescence onset by a transcriptional program in response to environmental and phytohormone signals,91,Tree 3_17 of genotype 81 from block 3 collected on day of year 225 at 4 o'clock,2019-04-15T10:00:00,P12255_126_S24_L001_R2_001.fastq.gz,/mnt/picea/projects/aspseq/sjansson/senescence-RNA-Seq/raw
Timing is everything in autumn - coordination of senescence onset by a transcriptional program in response to environmental and phytohormone signals,96.1,Tree 16_7 of genotype 48 from block 7 collected on day of year 225 at 4 o'clock technical replicate number 1,2019-08-02T10:00:04,P13264_103_S68_L004_R1_001.fastq.gz,/mnt/picea/projects/aspseq/sjansson/senescence-RNA-Seq/raw
Timing is everything in autumn - coordination of senescence onset by a transcriptional program in response to environmental and phytohormone signals,96.1,Tree 16_7 of genotype 48 from block 7 collected on day of year 225 at 4 o'clock technical replicate number 1,2019-08-02T10:00:04,P13264_103_S68_L004_R2_001.fastq.gz,/mnt/picea/projects/aspseq/sjansson/senescence-RNA-Seq/raw
Timing is everything in autumn - coordination of senescence onset by a transcriptional program in response to environmental and phytohormone signals,96.2,Tree 16_7 of genotype 48 from block 7 collected on day of year 225 at 4 o'clock technical replicate number 2,2019-08-07T10:00:01,P13264_103_S8_L001_R1_001.fastq.gz,/mnt/picea/projects/aspseq/sjansson/senescence-RNA-Seq/raw
Timing is everything in autumn - coordination of senescence onset by a transcriptional program in response to environmental and phytohormone signals,96.2,Tree 16_7 of genotype 48 from block 7 collected on day of year 225 at 4 o'clock technical replicate number 2,2019-08-07T10:00:01,P13264_103_S8_L001_R2_001.fastq.gz,/mnt/picea/projects/aspseq/sjansson/senescence-RNA-Seq/raw
Timing is everything in autumn - coordination of senescence onset by a transcriptional program in response to environmental and phytohormone signals,100,Tree 4_5 of genotype 81 from block 1 collected on day of year 225 at 4 o'clock,2019-04-15T10:00:00,P12255_109_S9_L001_R1_001.fastq.gz,/mnt/picea/projects/aspseq/sjansson/senescence-RNA-Seq/raw
Timing is everything in autumn - coordination of senescence onset by a transcriptional program in response to environmental and phytohormone signals,100,Tree 4_5 of genotype 81 from block 1 collected on day of year 225 at 4 o'clock,2019-04-15T10:00:00,P12255_109_S9_L001_R2_001.fastq.gz,/mnt/picea/projects/aspseq/sjansson/senescence-RNA-Seq/raw
Timing is everything in autumn - coordination of senescence onset by a transcriptional program in response to environmental and phytohormone signals,117.1,Tree 11_14 of genotype 48 from block 4 collected on day of year 232 at 6 o'clock technical replicate number 1,2019-08-02T10:00:06,P13264_104_S69_L004_R1_001.fastq.gz,/mnt/picea/projects/aspseq/sjansson/senescence-RNA-Seq/raw
Timing is everything in autumn - coordination of senescence onset by a transcriptional program in response to environmental and phytohormone signals,117.1,Tree 11_14 of genotype 48 from block 4 collected on day of year 232 at 6 o'clock technical replicate number 1,2019-08-02T10:00:06,P13264_104_S69_L004_R2_001.fastq.gz,/mnt/picea/projects/aspseq/sjansson/senescence-RNA-Seq/raw
Timing is everything in autumn - coordination of senescence onset by a transcriptional program in response to environmental and phytohormone signals,117.2,Tree 11_14 of genotype 48 from block 4 collected on day of year 232 at 6 o'clock technical replicate number 2,2019-08-07T10:00:01,P13264_104_S9_L001_R1_001.fastq.gz,/mnt/picea/projects/aspseq/sjansson/senescence-RNA-Seq/raw
Timing is everything in autumn - coordination of senescence onset by a transcriptional program in response to environmental and phytohormone signals,117.2,Tree 11_14 of genotype 48 from block 4 collected on day of year 232 at 6 o'clock technical replicate number 2,2019-08-07T10:00:01,P13264_104_S9_L001_R2_001.fastq.gz,/mnt/picea/projects/aspseq/sjansson/senescence-RNA-Seq/raw
Timing is everything in autumn - coordination of senescence onset by a transcriptional program in response to environmental and phytohormone signals,119.1,Tree 9_22 of genotype 48 from block 6 collected on day of year 232 at 6 o'clock technical replicate number 1,2019-08-02T10:00:08,P13264_105_S10_L001_R1_001.fastq.gz,/mnt/picea/projects/aspseq/sjansson/senescence-RNA-Seq/raw
Timing is everything in autumn - coordination of senescence onset by a transcriptional program in response to environmental and phytohormone signals,119.1,Tree 9_22 of genotype 48 from block 6 collected on day of year 232 at 6 o'clock technical replicate number 1,2019-08-02T10:00:08,P13264_105_S10_L001_R2_001.fastq.gz,/mnt/picea/projects/aspseq/sjansson/senescence-RNA-Seq/raw
Timing is everything in autumn - coordination of senescence onset by a transcriptional program in response to environmental and phytohormone signals,119.2,Tree 9_22 of genotype 48 from block 6 collected on day of year 232 at 6 o'clock technical replicate number 2,2019-08-07T10:00:01,P13264_105_S70_L004_R1_001.fastq.gz,/mnt/picea/projects/aspseq/sjansson/senescence-RNA-Seq/raw
Timing is everything in autumn - coordination of senescence onset by a transcriptional program in response to environmental and phytohormone signals,119.2,Tree 9_22 of genotype 48 from block 6 collected on day of year 232 at 6 o'clock technical replicate number 2,2019-08-07T10:00:01,P13264_105_S70_L004_R2_001.fastq.gz,/mnt/picea/projects/aspseq/sjansson/senescence-RNA-Seq/raw
Timing is everything in autumn - coordination of senescence onset by a transcriptional program in response to environmental and phytohormone signals,126.1,Tree 16_7 of genotype 48 from block 7 collected on day of year 232 at 6 o'clock technical replicate number 1,2019-08-02T10:00:10,P13264_106_S11_L001_R1_001.fastq.gz,/mnt/picea/projects/aspseq/sjansson/senescence-RNA-Seq/raw
Timing is everything in autumn - coordination of senescence onset by a transcriptional program in response to environmental and phytohormone signals,126.1,Tree 16_7 of genotype 48 from block 7 collected on day of year 232 at 6 o'clock technical replicate number 1,2019-08-02T10:00:10,P13264_106_S11_L001_R2_001.fastq.gz,/mnt/picea/projects/aspseq/sjansson/senescence-RNA-Seq/raw
Timing is everything in autumn - coordination of senescence onset by a transcriptional program in response to environmental and phytohormone signals,126.2,Tree 16_7 of genotype 48 from block 7 collected on day of year 232 at 6 o'clock technical replicate number 2,2019-08-07T10:00:01,P13264_106_S71_L004_R1_001.fastq.gz,/mnt/picea/projects/aspseq/sjansson/senescence-RNA-Seq/raw
Timing is everything in autumn - coordination of senescence onset by a transcriptional program in response to environmental and phytohormone signals,126.2,Tree 16_7 of genotype 48 from block 7 collected on day of year 232 at 6 o'clock technical replicate number 2,2019-08-07T10:00:01,P13264_106_S71_L004_R2_001.fastq.gz,/mnt/picea/projects/aspseq/sjansson/senescence-RNA-Seq/raw
Timing is everything in autumn - coordination of senescence onset by a transcriptional program in response to environmental and phytohormone signals,132,Tree 3_28 of genotype 1 from block 5 collected on day of year 232 at 6 o'clock,2019-04-15T10:00:00,P12255_175_S72_L002_R1_001.fastq.gz,/mnt/picea/projects/aspseq/sjansson/senescence-RNA-Seq/raw
Timing is everything in autumn - coordination of senescence onset by a transcriptional program in response to environmental and phytohormone signals,132,Tree 3_28 of genotype 1 from block 5 collected on day of year 232 at 6 o'clock,2019-04-15T10:00:00,P12255_175_S72_L002_R2_001.fastq.gz,/mnt/picea/projects/aspseq/sjansson/senescence-RNA-Seq/raw
Timing is everything in autumn - coordination of senescence onset by a transcriptional program in response to environmental and phytohormone signals,133,Tree 3_17 of genotype 81 from block 3 collected on day of year 232 at 6 o'clock,2019-04-15T10:00:00,P12255_141_S38_L001_R1_001.fastq.gz,/mnt/picea/projects/aspseq/sjansson/senescence-RNA-Seq/raw
Timing is everything in autumn - coordination of senescence onset by a transcriptional program in response to environmental and phytohormone signals,133,Tree 3_17 of genotype 81 from block 3 collected on day of year 232 at 6 o'clock,2019-04-15T10:00:00,P12255_141_S38_L001_R2_001.fastq.gz,/mnt/picea/projects/aspseq/sjansson/senescence-RNA-Seq/raw
Timing is everything in autumn - coordination of senescence onset by a transcriptional program in response to environmental and phytohormone signals,137,Tree 1_14 of genotype 1 from block 3 collected on day of year 232 at 6 o'clock,2019-04-15T10:00:00,P12255_167_S64_L002_R1_001.fastq.gz,/mnt/picea/projects/aspseq/sjansson/senescence-RNA-Seq/raw
Timing is everything in autumn - coordination of senescence onset by a transcriptional program in response to environmental and phytohormone signals,137,Tree 1_14 of genotype 1 from block 3 collected on day of year 232 at 6 o'clock,2019-04-15T10:00:00,P12255_167_S64_L002_R2_001.fastq.gz,/mnt/picea/projects/aspseq/sjansson/senescence-RNA-Seq/raw
Timing is everything in autumn - coordination of senescence onset by a transcriptional program in response to environmental and phytohormone signals,139,Tree 7_8 of genotype 81 from block 2 collected on day of year 232 at 6 o'clock,2019-04-15T10:00:00,P12255_191_S86_L002_R1_001.fastq.gz,/mnt/picea/projects/aspseq/sjansson/senescence-RNA-Seq/raw
Timing is everything in autumn - coordination of senescence onset by a transcriptional program in response to environmental and phytohormone signals,139,Tree 7_8 of genotype 81 from block 2 collected on day of year 232 at 6 o'clock,2019-04-15T10:00:00,P12255_191_S86_L002_R2_001.fastq.gz,/mnt/picea/projects/aspseq/sjansson/senescence-RNA-Seq/raw
Timing is everything in autumn - coordination of senescence onset by a transcriptional program in response to environmental and phytohormone signals,142,Tree 4_5 of genotype 81 from block 1 collected on day of year 232 at 6 o'clock,2019-04-15T10:00:00,P12255_134_S32_L001_R1_001.fastq.gz,/mnt/picea/projects/aspseq/sjansson/senescence-RNA-Seq/raw
Timing is everything in autumn - coordination of senescence onset by a transcriptional program in response to environmental and phytohormone signals,142,Tree 4_5 of genotype 81 from block 1 collected on day of year 232 at 6 o'clock,2019-04-15T10:00:00,P12255_134_S32_L001_R2_001.fastq.gz,/mnt/picea/projects/aspseq/sjansson/senescence-RNA-Seq/raw
Timing is everything in autumn - coordination of senescence onset by a transcriptional program in response to environmental and phytohormone signals,145,Tree 16_21 of genotype 1 from block 8 collected on day of year 232 at 6 o'clock,2019-04-15T10:00:00,P12255_158_S55_L002_R1_001.fastq.gz,/mnt/picea/projects/aspseq/sjansson/senescence-RNA-Seq/raw
Timing is everything in autumn - coordination of senescence onset by a transcriptional program in response to environmental and phytohormone signals,145,Tree 16_21 of genotype 1 from block 8 collected on day of year 232 at 6 o'clock,2019-04-15T10:00:00,P12255_158_S55_L002_R2_001.fastq.gz,/mnt/picea/projects/aspseq/sjansson/senescence-RNA-Seq/raw
Timing is everything in autumn - coordination of senescence onset by a transcriptional program in response to environmental and phytohormone signals,147,Tree 16_21 of genotype 1 from block 8 collected on day of year 237 at 7 o'clock,2019-04-15T10:00:00,P12255_168_S65_L002_R1_001.fastq.gz,/mnt/picea/projects/aspseq/sjansson/senescence-RNA-Seq/raw
Timing is everything in autumn - coordination of senescence onset by a transcriptional program in response to environmental and phytohormone signals,147,Tree 16_21 of genotype 1 from block 8 collected on day of year 237 at 7 o'clock,2019-04-15T10:00:00,P12255_168_S65_L002_R2_001.fastq.gz,/mnt/picea/projects/aspseq/sjansson/senescence-RNA-Seq/raw
Timing is everything in autumn - coordination of senescence onset by a transcriptional program in response to environmental and phytohormone signals,149,Tree 7_8 of genotype 81 from block 2 collected on day of year 237 at 7 o'clock,2019-04-15T10:00:00,P12255_161_S58_L002_R1_001.fastq.gz,/mnt/picea/projects/aspseq/sjansson/senescence-RNA-Seq/raw
Timing is everything in autumn - coordination of senescence onset by a transcriptional program in response to environmental and phytohormone signals,149,Tree 7_8 of genotype 81 from block 2 collected on day of year 237 at 7 o'clock,2019-04-15T10:00:00,P12255_161_S58_L002_R2_001.fastq.gz,/mnt/picea/projects/aspseq/sjansson/senescence-RNA-Seq/raw
Timing is everything in autumn - coordination of senescence onset by a transcriptional program in response to environmental and phytohormone signals,151,Tree 4_5 of genotype 81 from block 1 collected on day of year 241 at 8 o'clock,2019-04-15T10:00:00,P12255_160_S57_L002_R1_001.fastq.gz,/mnt/picea/projects/aspseq/sjansson/senescence-RNA-Seq/raw
Timing is everything in autumn - coordination of senescence onset by a transcriptional program in response to environmental and phytohormone signals,151,Tree 4_5 of genotype 81 from block 1 collected on day of year 241 at 8 o'clock,2019-04-15T10:00:00,P12255_160_S57_L002_R2_001.fastq.gz,/mnt/picea/projects/aspseq/sjansson/senescence-RNA-Seq/raw
Timing is everything in autumn - coordination of senescence onset by a transcriptional program in response to environmental and phytohormone signals,152,Tree 16_21 of genotype 1 from block 8 collected on day of year 241 at 8 o'clock,2019-04-15T10:00:00,P12255_173_S70_L002_R1_001.fastq.gz,/mnt/picea/projects/aspseq/sjansson/senescence-RNA-Seq/raw
Timing is everything in autumn - coordination of senescence onset by a transcriptional program in response to environmental and phytohormone signals,152,Tree 16_21 of genotype 1 from block 8 collected on day of year 241 at 8 o'clock,2019-04-15T10:00:00,P12255_173_S70_L002_R2_001.fastq.gz,/mnt/picea/projects/aspseq/sjansson/senescence-RNA-Seq/raw
Timing is everything in autumn - coordination of senescence onset by a transcriptional program in response to environmental and phytohormone signals,155.1,Tree 16_7 of genotype 48 from block 7 collected on day of year 237 at 7 o'clock technical replicate number 1,2019-08-02T10:00:12,P13264_107_S12_L001_R1_001.fastq.gz,/mnt/picea/projects/aspseq/sjansson/senescence-RNA-Seq/raw
Timing is everything in autumn - coordination of senescence onset by a transcriptional program in response to environmental and phytohormone signals,155.1,Tree 16_7 of genotype 48 from block 7 collected on day of year 237 at 7 o'clock technical replicate number 1,2019-08-02T10:00:12,P13264_107_S12_L001_R2_001.fastq.gz,/mnt/picea/projects/aspseq/sjansson/senescence-RNA-Seq/raw
Timing is everything in autumn - coordination of senescence onset by a transcriptional program in response to environmental and phytohormone signals,155.2,Tree 16_7 of genotype 48 from block 7 collected on day of year 237 at 7 o'clock technical replicate number 2,2019-08-07T10:00:01,P13264_107_S72_L004_R1_001.fastq.gz,/mnt/picea/projects/aspseq/sjansson/senescence-RNA-Seq/raw
Timing is everything in autumn - coordination of senescence onset by a transcriptional program in response to environmental and phytohormone signals,155.2,Tree 16_7 of genotype 48 from block 7 collected on day of year 237 at 7 o'clock technical replicate number 2,2019-08-07T10:00:01,P13264_107_S72_L004_R2_001.fastq.gz,/mnt/picea/projects/aspseq/sjansson/senescence-RNA-Seq/raw
Timing is everything in autumn - coordination of senescence onset by a transcriptional program in response to environmental and phytohormone signals,164,Tree 1_14 of genotype 1 from block 3 collected on day of year 237 at 7 o'clock,2019-04-15T10:00:00,P12255_133_S31_L001_R1_001.fastq.gz,/mnt/picea/projects/aspseq/sjansson/senescence-RNA-Seq/raw
Timing is everything in autumn - coordination of senescence onset by a transcriptional program in response to environmental and phytohormone signals,164,Tree 1_14 of genotype 1 from block 3 collected on day of year 237 at 7 o'clock,2019-04-15T10:00:00,P12255_133_S31_L001_R2_001.fastq.gz,/mnt/picea/projects/aspseq/sjansson/senescence-RNA-Seq/raw
Timing is everything in autumn - coordination of senescence onset by a transcriptional program in response to environmental and phytohormone signals,166.1,Tree 9_22 of genotype 48 from block 6 collected on day of year 237 at 7 o'clock technical replicate number 1,2019-08-02T10:00:14,P13264_108_S13_L001_R1_001.fastq.gz,/mnt/picea/projects/aspseq/sjansson/senescence-RNA-Seq/raw
Timing is everything in autumn - coordination of senescence onset by a transcriptional program in response to environmental and phytohormone signals,166.1,Tree 9_22 of genotype 48 from block 6 collected on day of year 237 at 7 o'clock technical replicate number 1,2019-08-02T10:00:14,P13264_108_S13_L001_R2_001.fastq.gz,/mnt/picea/projects/aspseq/sjansson/senescence-RNA-Seq/raw
Timing is everything in autumn - coordination of senescence onset by a transcriptional program in response to environmental and phytohormone signals,166.2,Tree 9_22 of genotype 48 from block 6 collected on day of year 237 at 7 o'clock technical replicate number 2,2019-08-07T10:00:01,P13264_108_S73_L004_R1_001.fastq.gz,/mnt/picea/projects/aspseq/sjansson/senescence-RNA-Seq/raw
Timing is everything in autumn - coordination of senescence onset by a transcriptional program in response to environmental and phytohormone signals,166.2,Tree 9_22 of genotype 48 from block 6 collected on day of year 237 at 7 o'clock technical replicate number 2,2019-08-07T10:00:01,P13264_108_S73_L004_R2_001.fastq.gz,/mnt/picea/projects/aspseq/sjansson/senescence-RNA-Seq/raw
Timing is everything in autumn - coordination of senescence onset by a transcriptional program in response to environmental and phytohormone signals,167,Tree 7_8 of genotype 81 from block 2 collected on day of year 241 at 8 o'clock,2019-04-15T10:00:00,P12255_192_S87_L002_R1_001.fastq.gz,/mnt/picea/projects/aspseq/sjansson/senescence-RNA-Seq/raw
Timing is everything in autumn - coordination of senescence onset by a transcriptional program in response to environmental and phytohormone signals,167,Tree 7_8 of genotype 81 from block 2 collected on day of year 241 at 8 o'clock,2019-04-15T10:00:00,P12255_192_S87_L002_R2_001.fastq.gz,/mnt/picea/projects/aspseq/sjansson/senescence-RNA-Seq/raw
Timing is everything in autumn - coordination of senescence onset by a transcriptional program in response to environmental and phytohormone signals,169,Tree 3_17 of genotype 81 from block 3 collected on day of year 241 at 8 o'clock,2019-04-15T10:00:00,P12255_184_S81_L002_R1_001.fastq.gz,/mnt/picea/projects/aspseq/sjansson/senescence-RNA-Seq/raw
Timing is everything in autumn - coordination of senescence onset by a transcriptional program in response to environmental and phytohormone signals,169,Tree 3_17 of genotype 81 from block 3 collected on day of year 241 at 8 o'clock,2019-04-15T10:00:00,P12255_184_S81_L002_R2_001.fastq.gz,/mnt/picea/projects/aspseq/sjansson/senescence-RNA-Seq/raw
Timing is everything in autumn - coordination of senescence onset by a transcriptional program in response to environmental and phytohormone signals,170,Tree 3_28 of genotype 1 from block 5 collected on day of year 241 at 8 o'clock,2019-04-15T10:00:00,P12255_165_S62_L002_R1_001.fastq.gz,/mnt/picea/projects/aspseq/sjansson/senescence-RNA-Seq/raw
Timing is everything in autumn - coordination of senescence onset by a transcriptional program in response to environmental and phytohormone signals,170,Tree 3_28 of genotype 1 from block 5 collected on day of year 241 at 8 o'clock,2019-04-15T10:00:00,P12255_165_S62_L002_R2_001.fastq.gz,/mnt/picea/projects/aspseq/sjansson/senescence-RNA-Seq/raw
Timing is everything in autumn - coordination of senescence onset by a transcriptional program in response to environmental and phytohormone signals,172.1,Tree 11_14 of genotype 48 from block 4 collected on day of year 241 at 8 o'clock technical replicate number 1,2019-08-02T10:00:16,P13264_109_S14_L001_R1_001.fastq.gz,/mnt/picea/projects/aspseq/sjansson/senescence-RNA-Seq/raw
Timing is everything in autumn - coordination of senescence onset by a transcriptional program in response to environmental and phytohormone signals,172.1,Tree 11_14 of genotype 48 from block 4 collected on day of year 241 at 8 o'clock technical replicate number 1,2019-08-02T10:00:16,P13264_109_S14_L001_R2_001.fastq.gz,/mnt/picea/projects/aspseq/sjansson/senescence-RNA-Seq/raw
Timing is everything in autumn - coordination of senescence onset by a transcriptional program in response to environmental and phytohormone signals,172.2,Tree 11_14 of genotype 48 from block 4 collected on day of year 241 at 8 o'clock technical replicate number 2,2019-08-07T10:00:01,P13264_109_S74_L004_R1_001.fastq.gz,/mnt/picea/projects/aspseq/sjansson/senescence-RNA-Seq/raw
Timing is everything in autumn - coordination of senescence onset by a transcriptional program in response to environmental and phytohormone signals,172.2,Tree 11_14 of genotype 48 from block 4 collected on day of year 241 at 8 o'clock technical replicate number 2,2019-08-07T10:00:01,P13264_109_S74_L004_R2_001.fastq.gz,/mnt/picea/projects/aspseq/sjansson/senescence-RNA-Seq/raw
Timing is everything in autumn - coordination of senescence onset by a transcriptional program in response to environmental and phytohormone signals,176,Tree 9_22 of genotype 48 from block 6 collected on day of year 241 at 8 o'clock,2019-08-02T10:00:18,P13264_110_S75_L004_R1_001.fastq.gz,/mnt/picea/projects/aspseq/sjansson/senescence-RNA-Seq/raw
Timing is everything in autumn - coordination of senescence onset by a transcriptional program in response to environmental and phytohormone signals,176,Tree 9_22 of genotype 48 from block 6 collected on day of year 241 at 8 o'clock,2019-08-02T10:00:18,P13264_110_S75_L004_R2_001.fastq.gz,/mnt/picea/projects/aspseq/sjansson/senescence-RNA-Seq/raw
Timing is everything in autumn - coordination of senescence onset by a transcriptional program in response to environmental and phytohormone signals,183.1,Tree 11_14 of genotype 48 from block 4 collected on day of year 237 at 7 o'clock technical replicate number 1,2019-08-02T10:00:19,P13264_111_S15_L001_R1_001.fastq.gz,/mnt/picea/projects/aspseq/sjansson/senescence-RNA-Seq/raw
Timing is everything in autumn - coordination of senescence onset by a transcriptional program in response to environmental and phytohormone signals,183.1,Tree 11_14 of genotype 48 from block 4 collected on day of year 237 at 7 o'clock technical replicate number 1,2019-08-02T10:00:19,P13264_111_S15_L001_R2_001.fastq.gz,/mnt/picea/projects/aspseq/sjansson/senescence-RNA-Seq/raw
Timing is everything in autumn - coordination of senescence onset by a transcriptional program in response to environmental and phytohormone signals,183.2,Tree 11_14 of genotype 48 from block 4 collected on day of year 237 at 7 o'clock technical replicate number 2,2019-08-07T10:00:01,P13264_111_S76_L004_R1_001.fastq.gz,/mnt/picea/projects/aspseq/sjansson/senescence-RNA-Seq/raw
Timing is everything in autumn - coordination of senescence onset by a transcriptional program in response to environmental and phytohormone signals,183.2,Tree 11_14 of genotype 48 from block 4 collected on day of year 237 at 7 o'clock technical replicate number 2,2019-08-07T10:00:01,P13264_111_S76_L004_R2_001.fastq.gz,/mnt/picea/projects/aspseq/sjansson/senescence-RNA-Seq/raw
Timing is everything in autumn - coordination of senescence onset by a transcriptional program in response to environmental and phytohormone signals,187,Tree 3_28 of genotype 1 from block 5 collected on day of year 237 at 7 o'clock,2019-04-15T10:00:00,P12255_151_S48_L002_R1_001.fastq.gz,/mnt/picea/projects/aspseq/sjansson/senescence-RNA-Seq/raw
Timing is everything in autumn - coordination of senescence onset by a transcriptional program in response to environmental and phytohormone signals,187,Tree 3_28 of genotype 1 from block 5 collected on day of year 237 at 7 o'clock,2019-04-15T10:00:00,P12255_151_S48_L002_R2_001.fastq.gz,/mnt/picea/projects/aspseq/sjansson/senescence-RNA-Seq/raw
Timing is everything in autumn - coordination of senescence onset by a transcriptional program in response to environmental and phytohormone signals,188,Tree 3_17 of genotype 81 from block 3 collected on day of year 237 at 7 o'clock,2019-04-15T10:00:00,P12255_159_S56_L002_R1_001.fastq.gz,/mnt/picea/projects/aspseq/sjansson/senescence-RNA-Seq/raw
Timing is everything in autumn - coordination of senescence onset by a transcriptional program in response to environmental and phytohormone signals,188,Tree 3_17 of genotype 81 from block 3 collected on day of year 237 at 7 o'clock,2019-04-15T10:00:00,P12255_159_S56_L002_R2_001.fastq.gz,/mnt/picea/projects/aspseq/sjansson/senescence-RNA-Seq/raw
Timing is everything in autumn - coordination of senescence onset by a transcriptional program in response to environmental and phytohormone signals,190,Tree 4_5 of genotype 81 from block 1 collected on day of year 237 at 7 o'clock,2019-04-15T10:00:00,P12255_128_S26_L001_R1_001.fastq.gz,/mnt/picea/projects/aspseq/sjansson/senescence-RNA-Seq/raw
Timing is everything in autumn - coordination of senescence onset by a transcriptional program in response to environmental and phytohormone signals,190,Tree 4_5 of genotype 81 from block 1 collected on day of year 237 at 7 o'clock,2019-04-15T10:00:00,P12255_128_S26_L001_R2_001.fastq.gz,/mnt/picea/projects/aspseq/sjansson/senescence-RNA-Seq/raw
Timing is everything in autumn - coordination of senescence onset by a transcriptional program in response to environmental and phytohormone signals,192,Tree 7_8 of genotype 81 from block 2 collected on day of year 246 at 9 o'clock,2019-04-15T10:00:00,P12255_190_S85_L002_R1_001.fastq.gz,/mnt/picea/projects/aspseq/sjansson/senescence-RNA-Seq/raw
Timing is everything in autumn - coordination of senescence onset by a transcriptional program in response to environmental and phytohormone signals,192,Tree 7_8 of genotype 81 from block 2 collected on day of year 246 at 9 o'clock,2019-04-15T10:00:00,P12255_190_S85_L002_R2_001.fastq.gz,/mnt/picea/projects/aspseq/sjansson/senescence-RNA-Seq/raw
Timing is everything in autumn - coordination of senescence onset by a transcriptional program in response to environmental and phytohormone signals,193,Tree 1_14 of genotype 1 from block 3 collected on day of year 241 at 8 o'clock,2019-04-15T10:00:00,P12255_102_S2_L001_R1_001.fastq.gz,/mnt/picea/projects/aspseq/sjansson/senescence-RNA-Seq/raw
Timing is everything in autumn - coordination of senescence onset by a transcriptional program in response to environmental and phytohormone signals,193,Tree 1_14 of genotype 1 from block 3 collected on day of year 241 at 8 o'clock,2019-04-15T10:00:00,P12255_102_S2_L001_R2_001.fastq.gz,/mnt/picea/projects/aspseq/sjansson/senescence-RNA-Seq/raw
Timing is everything in autumn - coordination of senescence onset by a transcriptional program in response to environmental and phytohormone signals,197.1,Tree 16_7 of genotype 48 from block 7 collected on day of year 241 at 8 o'clock technical replicate number 1,2019-08-02T10:00:21,P13264_112_S16_L001_R1_001.fastq.gz,/mnt/picea/projects/aspseq/sjansson/senescence-RNA-Seq/raw
Timing is everything in autumn - coordination of senescence onset by a transcriptional program in response to environmental and phytohormone signals,197.1,Tree 16_7 of genotype 48 from block 7 collected on day of year 241 at 8 o'clock technical replicate number 1,2019-08-02T10:00:21,P13264_112_S16_L001_R2_001.fastq.gz,/mnt/picea/projects/aspseq/sjansson/senescence-RNA-Seq/raw
Timing is everything in autumn - coordination of senescence onset by a transcriptional program in response to environmental and phytohormone signals,197.2,Tree 16_7 of genotype 48 from block 7 collected on day of year 241 at 8 o'clock technical replicate number 2,2019-08-07T10:00:01,P13264_112_S77_L004_R1_001.fastq.gz,/mnt/picea/projects/aspseq/sjansson/senescence-RNA-Seq/raw
Timing is everything in autumn - coordination of senescence onset by a transcriptional program in response to environmental and phytohormone signals,197.2,Tree 16_7 of genotype 48 from block 7 collected on day of year 241 at 8 o'clock technical replicate number 2,2019-08-07T10:00:01,P13264_112_S77_L004_R2_001.fastq.gz,/mnt/picea/projects/aspseq/sjansson/senescence-RNA-Seq/raw
Timing is everything in autumn - coordination of senescence onset by a transcriptional program in response to environmental and phytohormone signals,201,Tree 16_21 of genotype 1 from block 8 collected on day of year 246 at 9 o'clock,2019-04-15T10:00:00,P12255_143_S40_L001_R1_001.fastq.gz,/mnt/picea/projects/aspseq/sjansson/senescence-RNA-Seq/raw
Timing is everything in autumn - coordination of senescence onset by a transcriptional program in response to environmental and phytohormone signals,201,Tree 16_21 of genotype 1 from block 8 collected on day of year 246 at 9 o'clock,2019-04-15T10:00:00,P12255_143_S40_L001_R2_001.fastq.gz,/mnt/picea/projects/aspseq/sjansson/senescence-RNA-Seq/raw
Timing is everything in autumn - coordination of senescence onset by a transcriptional program in response to environmental and phytohormone signals,204,Tree 9_22 of genotype 48 from block 6 collected on day of year 250 at 10 o'clock,2019-08-02T10:00:23,P13264_113_S78_L004_R1_001.fastq.gz,/mnt/picea/projects/aspseq/sjansson/senescence-RNA-Seq/raw
Timing is everything in autumn - coordination of senescence onset by a transcriptional program in response to environmental and phytohormone signals,204,Tree 9_22 of genotype 48 from block 6 collected on day of year 250 at 10 o'clock,2019-08-02T10:00:23,P13264_113_S78_L004_R2_001.fastq.gz,/mnt/picea/projects/aspseq/sjansson/senescence-RNA-Seq/raw
Timing is everything in autumn - coordination of senescence onset by a transcriptional program in response to environmental and phytohormone signals,205,Tree 3_28 of genotype 1 from block 5 collected on day of year 250 at 10 o'clock,2019-04-15T10:00:00,P12255_125_S23_L001_R1_001.fastq.gz,/mnt/picea/projects/aspseq/sjansson/senescence-RNA-Seq/raw
Timing is everything in autumn - coordination of senescence onset by a transcriptional program in response to environmental and phytohormone signals,205,Tree 3_28 of genotype 1 from block 5 collected on day of year 250 at 10 o'clock,2019-04-15T10:00:00,P12255_125_S23_L001_R2_001.fastq.gz,/mnt/picea/projects/aspseq/sjansson/senescence-RNA-Seq/raw
Timing is everything in autumn - coordination of senescence onset by a transcriptional program in response to environmental and phytohormone signals,207,Tree 11_14 of genotype 48 from block 4 collected on day of year 246 at 9 o'clock,2019-08-02T10:00:24,P13264_114_S79_L004_R1_001.fastq.gz,/mnt/picea/projects/aspseq/sjansson/senescence-RNA-Seq/raw
Timing is everything in autumn - coordination of senescence onset by a transcriptional program in response to environmental and phytohormone signals,207,Tree 11_14 of genotype 48 from block 4 collected on day of year 246 at 9 o'clock,2019-08-02T10:00:24,P13264_114_S79_L004_R2_001.fastq.gz,/mnt/picea/projects/aspseq/sjansson/senescence-RNA-Seq/raw
Timing is everything in autumn - coordination of senescence onset by a transcriptional program in response to environmental and phytohormone signals,208,Tree 1_14 of genotype 1 from block 3 collected on day of year 250 at 10 o'clock,2019-04-15T10:00:00,P12255_111_S11_L001_R1_001.fastq.gz,/mnt/picea/projects/aspseq/sjansson/senescence-RNA-Seq/raw
Timing is everything in autumn - coordination of senescence onset by a transcriptional program in response to environmental and phytohormone signals,208,Tree 1_14 of genotype 1 from block 3 collected on day of year 250 at 10 o'clock,2019-04-15T10:00:00,P12255_111_S11_L001_R2_001.fastq.gz,/mnt/picea/projects/aspseq/sjansson/senescence-RNA-Seq/raw
Timing is everything in autumn - coordination of senescence onset by a transcriptional program in response to environmental and phytohormone signals,210.1,Tree 9_22 of genotype 48 from block 6 collected on day of year 246 at 9 o'clock technical replicate number 1,2019-08-02T10:00:25,P13264_115_S17_L001_R1_001.fastq.gz,/mnt/picea/projects/aspseq/sjansson/senescence-RNA-Seq/raw
Timing is everything in autumn - coordination of senescence onset by a transcriptional program in response to environmental and phytohormone signals,210.1,Tree 9_22 of genotype 48 from block 6 collected on day of year 246 at 9 o'clock technical replicate number 1,2019-08-02T10:00:25,P13264_115_S17_L001_R2_001.fastq.gz,/mnt/picea/projects/aspseq/sjansson/senescence-RNA-Seq/raw
Timing is everything in autumn - coordination of senescence onset by a transcriptional program in response to environmental and phytohormone signals,210.2,Tree 9_22 of genotype 48 from block 6 collected on day of year 246 at 9 o'clock technical replicate number 2,2019-08-07T10:00:01,P13264_115_S80_L004_R1_001.fastq.gz,/mnt/picea/projects/aspseq/sjansson/senescence-RNA-Seq/raw
Timing is everything in autumn - coordination of senescence onset by a transcriptional program in response to environmental and phytohormone signals,210.2,Tree 9_22 of genotype 48 from block 6 collected on day of year 246 at 9 o'clock technical replicate number 2,2019-08-07T10:00:01,P13264_115_S80_L004_R2_001.fastq.gz,/mnt/picea/projects/aspseq/sjansson/senescence-RNA-Seq/raw
Timing is everything in autumn - coordination of senescence onset by a transcriptional program in response to environmental and phytohormone signals,213,Tree 3_28 of genotype 1 from block 5 collected on day of year 246 at 9 o'clock,2019-04-15T10:00:00,P12255_101_S1_L001_R1_001.fastq.gz,/mnt/picea/projects/aspseq/sjansson/senescence-RNA-Seq/raw
Timing is everything in autumn - coordination of senescence onset by a transcriptional program in response to environmental and phytohormone signals,213,Tree 3_28 of genotype 1 from block 5 collected on day of year 246 at 9 o'clock,2019-04-15T10:00:00,P12255_101_S1_L001_R2_001.fastq.gz,/mnt/picea/projects/aspseq/sjansson/senescence-RNA-Seq/raw
Timing is everything in autumn - coordination of senescence onset by a transcriptional program in response to environmental and phytohormone signals,214,Tree 3_17 of genotype 81 from block 3 collected on day of year 246 at 9 o'clock,2019-04-15T10:00:00,P12255_145_S42_L001_R1_001.fastq.gz,/mnt/picea/projects/aspseq/sjansson/senescence-RNA-Seq/raw
Timing is everything in autumn - coordination of senescence onset by a transcriptional program in response to environmental and phytohormone signals,214,Tree 3_17 of genotype 81 from block 3 collected on day of year 246 at 9 o'clock,2019-04-15T10:00:00,P12255_145_S42_L001_R2_001.fastq.gz,/mnt/picea/projects/aspseq/sjansson/senescence-RNA-Seq/raw
Timing is everything in autumn - coordination of senescence onset by a transcriptional program in response to environmental and phytohormone signals,216,Tree 1_14 of genotype 1 from block 3 collected on day of year 246 at 9 o'clock,2019-04-15T10:00:00,P12255_153_S50_L002_R1_001.fastq.gz,/mnt/picea/projects/aspseq/sjansson/senescence-RNA-Seq/raw
Timing is everything in autumn - coordination of senescence onset by a transcriptional program in response to environmental and phytohormone signals,216,Tree 1_14 of genotype 1 from block 3 collected on day of year 246 at 9 o'clock,2019-04-15T10:00:00,P12255_153_S50_L002_R2_001.fastq.gz,/mnt/picea/projects/aspseq/sjansson/senescence-RNA-Seq/raw
Timing is everything in autumn - coordination of senescence onset by a transcriptional program in response to environmental and phytohormone signals,218,Tree 4_5 of genotype 81 from block 1 collected on day of year 246 at 9 o'clock,2019-04-15T10:00:00,P12255_177_S74_L002_R1_001.fastq.gz,/mnt/picea/projects/aspseq/sjansson/senescence-RNA-Seq/raw
Timing is everything in autumn - coordination of senescence onset by a transcriptional program in response to environmental and phytohormone signals,218,Tree 4_5 of genotype 81 from block 1 collected on day of year 246 at 9 o'clock,2019-04-15T10:00:00,P12255_177_S74_L002_R2_001.fastq.gz,/mnt/picea/projects/aspseq/sjansson/senescence-RNA-Seq/raw
Timing is everything in autumn - coordination of senescence onset by a transcriptional program in response to environmental and phytohormone signals,222,Tree 3_17 of genotype 81 from block 3 collected on day of year 250 at 10 o'clock,2019-04-15T10:00:00,P12255_129_S27_L001_R1_001.fastq.gz,/mnt/picea/projects/aspseq/sjansson/senescence-RNA-Seq/raw
Timing is everything in autumn - coordination of senescence onset by a transcriptional program in response to environmental and phytohormone signals,222,Tree 3_17 of genotype 81 from block 3 collected on day of year 250 at 10 o'clock,2019-04-15T10:00:00,P12255_129_S27_L001_R2_001.fastq.gz,/mnt/picea/projects/aspseq/sjansson/senescence-RNA-Seq/raw
Timing is everything in autumn - coordination of senescence onset by a transcriptional program in response to environmental and phytohormone signals,224,Tree 4_5 of genotype 81 from block 1 collected on day of year 250 at 10 o'clock,2019-04-15T10:00:00,P12255_185_S82_L002_R1_001.fastq.gz,/mnt/picea/projects/aspseq/sjansson/senescence-RNA-Seq/raw
Timing is everything in autumn - coordination of senescence onset by a transcriptional program in response to environmental and phytohormone signals,224,Tree 4_5 of genotype 81 from block 1 collected on day of year 250 at 10 o'clock,2019-04-15T10:00:00,P12255_185_S82_L002_R2_001.fastq.gz,/mnt/picea/projects/aspseq/sjansson/senescence-RNA-Seq/raw
Timing is everything in autumn - coordination of senescence onset by a transcriptional program in response to environmental and phytohormone signals,226.1,Tree 11_14 of genotype 48 from block 4 collected on day of year 250 at 10 o'clock technical replicate number 1,2019-08-02T10:00:34,P13264_120_S21_L001_R1_001.fastq.gz,/mnt/picea/projects/aspseq/sjansson/senescence-RNA-Seq/raw
Timing is everything in autumn - coordination of senescence onset by a transcriptional program in response to environmental and phytohormone signals,226.1,Tree 11_14 of genotype 48 from block 4 collected on day of year 250 at 10 o'clock technical replicate number 1,2019-08-02T10:00:34,P13264_120_S21_L001_R2_001.fastq.gz,/mnt/picea/projects/aspseq/sjansson/senescence-RNA-Seq/raw
Timing is everything in autumn - coordination of senescence onset by a transcriptional program in response to environmental and phytohormone signals,226.2,Tree 11_14 of genotype 48 from block 4 collected on day of year 250 at 10 o'clock technical replicate number 2,2019-08-07T10:00:01,P13264_120_S85_L004_R1_001.fastq.gz,/mnt/picea/projects/aspseq/sjansson/senescence-RNA-Seq/raw
Timing is everything in autumn - coordination of senescence onset by a transcriptional program in response to environmental and phytohormone signals,226.2,Tree 11_14 of genotype 48 from block 4 collected on day of year 250 at 10 o'clock technical replicate number 2,2019-08-07T10:00:01,P13264_120_S85_L004_R2_001.fastq.gz,/mnt/picea/projects/aspseq/sjansson/senescence-RNA-Seq/raw
Timing is everything in autumn - coordination of senescence onset by a transcriptional program in response to environmental and phytohormone signals,229,Tree 16_21 of genotype 1 from block 8 collected on day of year 250 at 10 o'clock,2019-04-15T10:00:00,P12255_189_S84_L002_R1_001.fastq.gz,/mnt/picea/projects/aspseq/sjansson/senescence-RNA-Seq/raw
Timing is everything in autumn - coordination of senescence onset by a transcriptional program in response to environmental and phytohormone signals,229,Tree 16_21 of genotype 1 from block 8 collected on day of year 250 at 10 o'clock,2019-04-15T10:00:00,P12255_189_S84_L002_R2_001.fastq.gz,/mnt/picea/projects/aspseq/sjansson/senescence-RNA-Seq/raw
Timing is everything in autumn - coordination of senescence onset by a transcriptional program in response to environmental and phytohormone signals,234.1,Tree 16_7 of genotype 48 from block 7 collected on day of year 250 at 10 o'clock technical replicate number 1,2019-08-02T10:00:27,P13264_116_S18_L001_R1_001.fastq.gz,/mnt/picea/projects/aspseq/sjansson/senescence-RNA-Seq/raw
Timing is everything in autumn - coordination of senescence onset by a transcriptional program in response to environmental and phytohormone signals,234.1,Tree 16_7 of genotype 48 from block 7 collected on day of year 250 at 10 o'clock technical replicate number 1,2019-08-02T10:00:27,P13264_116_S18_L001_R2_001.fastq.gz,/mnt/picea/projects/aspseq/sjansson/senescence-RNA-Seq/raw
Timing is everything in autumn - coordination of senescence onset by a transcriptional program in response to environmental and phytohormone signals,234.2,Tree 16_7 of genotype 48 from block 7 collected on day of year 250 at 10 o'clock technical replicate number 2,2019-08-07T10:00:01,P13264_116_S81_L004_R1_001.fastq.gz,/mnt/picea/projects/aspseq/sjansson/senescence-RNA-Seq/raw
Timing is everything in autumn - coordination of senescence onset by a transcriptional program in response to environmental and phytohormone signals,234.2,Tree 16_7 of genotype 48 from block 7 collected on day of year 250 at 10 o'clock technical replicate number 2,2019-08-07T10:00:01,P13264_116_S81_L004_R2_001.fastq.gz,/mnt/picea/projects/aspseq/sjansson/senescence-RNA-Seq/raw
Timing is everything in autumn - coordination of senescence onset by a transcriptional program in response to environmental and phytohormone signals,237,Tree 9_22 of genotype 48 from block 6 collected on day of year 253 at 11 o'clock,2019-08-02T10:00:29,P13264_117_S82_L004_R1_001.fastq.gz,/mnt/picea/projects/aspseq/sjansson/senescence-RNA-Seq/raw
Timing is everything in autumn - coordination of senescence onset by a transcriptional program in response to environmental and phytohormone signals,237,Tree 9_22 of genotype 48 from block 6 collected on day of year 253 at 11 o'clock,2019-08-02T10:00:29,P13264_117_S82_L004_R2_001.fastq.gz,/mnt/picea/projects/aspseq/sjansson/senescence-RNA-Seq/raw
Timing is everything in autumn - coordination of senescence onset by a transcriptional program in response to environmental and phytohormone signals,243,Tree 7_8 of genotype 81 from block 2 collected on day of year 250 at 10 o'clock,2019-04-15T10:00:00,P12255_144_S41_L001_R1_001.fastq.gz,/mnt/picea/projects/aspseq/sjansson/senescence-RNA-Seq/raw
Timing is everything in autumn - coordination of senescence onset by a transcriptional program in response to environmental and phytohormone signals,243,Tree 7_8 of genotype 81 from block 2 collected on day of year 250 at 10 o'clock,2019-04-15T10:00:00,P12255_144_S41_L001_R2_001.fastq.gz,/mnt/picea/projects/aspseq/sjansson/senescence-RNA-Seq/raw
Timing is everything in autumn - coordination of senescence onset by a transcriptional program in response to environmental and phytohormone signals,244,Tree 1_14 of genotype 1 from block 3 collected on day of year 253 at 11 o'clock,2019-04-15T10:00:00,P12255_119_S18_L001_R1_001.fastq.gz,/mnt/picea/projects/aspseq/sjansson/senescence-RNA-Seq/raw
Timing is everything in autumn - coordination of senescence onset by a transcriptional program in response to environmental and phytohormone signals,244,Tree 1_14 of genotype 1 from block 3 collected on day of year 253 at 11 o'clock,2019-04-15T10:00:00,P12255_119_S18_L001_R2_001.fastq.gz,/mnt/picea/projects/aspseq/sjansson/senescence-RNA-Seq/raw
Timing is everything in autumn - coordination of senescence onset by a transcriptional program in response to environmental and phytohormone signals,247,Tree 3_17 of genotype 81 from block 3 collected on day of year 253 at 11 o'clock,2019-04-15T10:00:00,P12255_150_S47_L002_R1_001.fastq.gz,/mnt/picea/projects/aspseq/sjansson/senescence-RNA-Seq/raw
Timing is everything in autumn - coordination of senescence onset by a transcriptional program in response to environmental and phytohormone signals,247,Tree 3_17 of genotype 81 from block 3 collected on day of year 253 at 11 o'clock,2019-04-15T10:00:00,P12255_150_S47_L002_R2_001.fastq.gz,/mnt/picea/projects/aspseq/sjansson/senescence-RNA-Seq/raw
Timing is everything in autumn - coordination of senescence onset by a transcriptional program in response to environmental and phytohormone signals,248.1,Tree 11_14 of genotype 48 from block 4 collected on day of year 264 at 14 o'clock technical replicate number 1,2019-08-02T10:00:30,P13264_118_S19_L001_R1_001.fastq.gz,/mnt/picea/projects/aspseq/sjansson/senescence-RNA-Seq/raw
Timing is everything in autumn - coordination of senescence onset by a transcriptional program in response to environmental and phytohormone signals,248.1,Tree 11_14 of genotype 48 from block 4 collected on day of year 264 at 14 o'clock technical replicate number 1,2019-08-02T10:00:30,P13264_118_S19_L001_R2_001.fastq.gz,/mnt/picea/projects/aspseq/sjansson/senescence-RNA-Seq/raw
Timing is everything in autumn - coordination of senescence onset by a transcriptional program in response to environmental and phytohormone signals,248.2,Tree 11_14 of genotype 48 from block 4 collected on day of year 264 at 14 o'clock technical replicate number 2,2019-08-07T10:00:01,P13264_118_S83_L004_R1_001.fastq.gz,/mnt/picea/projects/aspseq/sjansson/senescence-RNA-Seq/raw
Timing is everything in autumn - coordination of senescence onset by a transcriptional program in response to environmental and phytohormone signals,248.2,Tree 11_14 of genotype 48 from block 4 collected on day of year 264 at 14 o'clock technical replicate number 2,2019-08-07T10:00:01,P13264_118_S83_L004_R2_001.fastq.gz,/mnt/picea/projects/aspseq/sjansson/senescence-RNA-Seq/raw
Timing is everything in autumn - coordination of senescence onset by a transcriptional program in response to environmental and phytohormone signals,249,Tree 4_5 of genotype 81 from block 1 collected on day of year 264 at 14 o'clock,2019-04-15T10:00:00,P12255_135_S33_L001_R1_001.fastq.gz,/mnt/picea/projects/aspseq/sjansson/senescence-RNA-Seq/raw
Timing is everything in autumn - coordination of senescence onset by a transcriptional program in response to environmental and phytohormone signals,249,Tree 4_5 of genotype 81 from block 1 collected on day of year 264 at 14 o'clock,2019-04-15T10:00:00,P12255_135_S33_L001_R2_001.fastq.gz,/mnt/picea/projects/aspseq/sjansson/senescence-RNA-Seq/raw
Timing is everything in autumn - coordination of senescence onset by a transcriptional program in response to environmental and phytohormone signals,251,Tree 3_28 of genotype 1 from block 5 collected on day of year 253 at 11 o'clock,2019-04-15T10:00:00,P12255_174_S71_L002_R1_001.fastq.gz,/mnt/picea/projects/aspseq/sjansson/senescence-RNA-Seq/raw
Timing is everything in autumn - coordination of senescence onset by a transcriptional program in response to environmental and phytohormone signals,251,Tree 3_28 of genotype 1 from block 5 collected on day of year 253 at 11 o'clock,2019-04-15T10:00:00,P12255_174_S71_L002_R2_001.fastq.gz,/mnt/picea/projects/aspseq/sjansson/senescence-RNA-Seq/raw
Timing is everything in autumn - coordination of senescence onset by a transcriptional program in response to environmental and phytohormone signals,253.1,Tree 11_14 of genotype 48 from block 4 collected on day of year 253 at 11 o'clock technical replicate number 1,2019-08-02T10:00:32,P13264_119_S20_L001_R1_001.fastq.gz,/mnt/picea/projects/aspseq/sjansson/senescence-RNA-Seq/raw
Timing is everything in autumn - coordination of senescence onset by a transcriptional program in response to environmental and phytohormone signals,253.1,Tree 11_14 of genotype 48 from block 4 collected on day of year 253 at 11 o'clock technical replicate number 1,2019-08-02T10:00:32,P13264_119_S20_L001_R2_001.fastq.gz,/mnt/picea/projects/aspseq/sjansson/senescence-RNA-Seq/raw
Timing is everything in autumn - coordination of senescence onset by a transcriptional program in response to environmental and phytohormone signals,253.2,Tree 11_14 of genotype 48 from block 4 collected on day of year 253 at 11 o'clock technical replicate number 2,2019-08-07T10:00:01,P13264_119_S84_L004_R1_001.fastq.gz,/mnt/picea/projects/aspseq/sjansson/senescence-RNA-Seq/raw
Timing is everything in autumn - coordination of senescence onset by a transcriptional program in response to environmental and phytohormone signals,253.2,Tree 11_14 of genotype 48 from block 4 collected on day of year 253 at 11 o'clock technical replicate number 2,2019-08-07T10:00:01,P13264_119_S84_L004_R2_001.fastq.gz,/mnt/picea/projects/aspseq/sjansson/senescence-RNA-Seq/raw
Timing is everything in autumn - coordination of senescence onset by a transcriptional program in response to environmental and phytohormone signals,254,Tree 7_8 of genotype 81 from block 2 collected on day of year 253 at 11 o'clock,2019-04-15T10:00:00,P12255_136_S34_L001_R1_001.fastq.gz,/mnt/picea/projects/aspseq/sjansson/senescence-RNA-Seq/raw
Timing is everything in autumn - coordination of senescence onset by a transcriptional program in response to environmental and phytohormone signals,254,Tree 7_8 of genotype 81 from block 2 collected on day of year 253 at 11 o'clock,2019-04-15T10:00:00,P12255_136_S34_L001_R2_001.fastq.gz,/mnt/picea/projects/aspseq/sjansson/senescence-RNA-Seq/raw
Timing is everything in autumn - coordination of senescence onset by a transcriptional program in response to environmental and phytohormone signals,258,Tree 4_5 of genotype 81 from block 1 collected on day of year 253 at 11 o'clock,2019-04-15T10:00:00,P12255_149_S45_L001_R1_001.fastq.gz,/mnt/picea/projects/aspseq/sjansson/senescence-RNA-Seq/raw
Timing is everything in autumn - coordination of senescence onset by a transcriptional program in response to environmental and phytohormone signals,258,Tree 4_5 of genotype 81 from block 1 collected on day of year 253 at 11 o'clock,2019-04-15T10:00:00,P12255_149_S45_L001_R2_001.fastq.gz,/mnt/picea/projects/aspseq/sjansson/senescence-RNA-Seq/raw
Timing is everything in autumn - coordination of senescence onset by a transcriptional program in response to environmental and phytohormone signals,266,Tree 4_5 of genotype 81 from block 1 collected on day of year 256 at 12 o'clock,2019-04-15T10:00:00,P12255_193_S46_L001_R1_001.fastq.gz,/mnt/picea/projects/aspseq/sjansson/senescence-RNA-Seq/raw
Timing is everything in autumn - coordination of senescence onset by a transcriptional program in response to environmental and phytohormone signals,266,Tree 4_5 of genotype 81 from block 1 collected on day of year 256 at 12 o'clock,2019-04-15T10:00:00,P12255_193_S46_L001_R2_001.fastq.gz,/mnt/picea/projects/aspseq/sjansson/senescence-RNA-Seq/raw
Timing is everything in autumn - coordination of senescence onset by a transcriptional program in response to environmental and phytohormone signals,268,Tree 7_8 of genotype 81 from block 2 collected on day of year 256 at 12 o'clock,2019-04-15T10:00:00,P12255_137_S35_L001_R1_001.fastq.gz,/mnt/picea/projects/aspseq/sjansson/senescence-RNA-Seq/raw
Timing is everything in autumn - coordination of senescence onset by a transcriptional program in response to environmental and phytohormone signals,268,Tree 7_8 of genotype 81 from block 2 collected on day of year 256 at 12 o'clock,2019-04-15T10:00:00,P12255_137_S35_L001_R2_001.fastq.gz,/mnt/picea/projects/aspseq/sjansson/senescence-RNA-Seq/raw
Timing is everything in autumn - coordination of senescence onset by a transcriptional program in response to environmental and phytohormone signals,270,Tree 16_21 of genotype 1 from block 8 collected on day of year 256 at 12 o'clock,2019-04-15T10:00:00,P12255_169_S66_L002_R1_001.fastq.gz,/mnt/picea/projects/aspseq/sjansson/senescence-RNA-Seq/raw
Timing is everything in autumn - coordination of senescence onset by a transcriptional program in response to environmental and phytohormone signals,270,Tree 16_21 of genotype 1 from block 8 collected on day of year 256 at 12 o'clock,2019-04-15T10:00:00,P12255_169_S66_L002_R2_001.fastq.gz,/mnt/picea/projects/aspseq/sjansson/senescence-RNA-Seq/raw
Timing is everything in autumn - coordination of senescence onset by a transcriptional program in response to environmental and phytohormone signals,271.1,Tree 16_7 of genotype 48 from block 7 collected on day of year 246 at 9 o'clock technical replicate number 1,2019-08-02T10:00:36,P13264_121_S22_L001_R1_001.fastq.gz,/mnt/picea/projects/aspseq/sjansson/senescence-RNA-Seq/raw
Timing is everything in autumn - coordination of senescence onset by a transcriptional program in response to environmental and phytohormone signals,271.1,Tree 16_7 of genotype 48 from block 7 collected on day of year 246 at 9 o'clock technical replicate number 1,2019-08-02T10:00:36,P13264_121_S22_L001_R2_001.fastq.gz,/mnt/picea/projects/aspseq/sjansson/senescence-RNA-Seq/raw
Timing is everything in autumn - coordination of senescence onset by a transcriptional program in response to environmental and phytohormone signals,271.2,Tree 16_7 of genotype 48 from block 7 collected on day of year 246 at 9 o'clock technical replicate number 2,2019-08-07T10:00:01,P13264_121_S86_L004_R1_001.fastq.gz,/mnt/picea/projects/aspseq/sjansson/senescence-RNA-Seq/raw
Timing is everything in autumn - coordination of senescence onset by a transcriptional program in response to environmental and phytohormone signals,271.2,Tree 16_7 of genotype 48 from block 7 collected on day of year 246 at 9 o'clock technical replicate number 2,2019-08-07T10:00:01,P13264_121_S86_L004_R2_001.fastq.gz,/mnt/picea/projects/aspseq/sjansson/senescence-RNA-Seq/raw
Timing is everything in autumn - coordination of senescence onset by a transcriptional program in response to environmental and phytohormone signals,279,Tree 16_7 of genotype 48 from block 7 collected on day of year 253 at 11 o'clock,2019-08-02T10:00:38,P13264_122_S87_L004_R1_001.fastq.gz,/mnt/picea/projects/aspseq/sjansson/senescence-RNA-Seq/raw
Timing is everything in autumn - coordination of senescence onset by a transcriptional program in response to environmental and phytohormone signals,279,Tree 16_7 of genotype 48 from block 7 collected on day of year 253 at 11 o'clock,2019-08-02T10:00:38,P13264_122_S87_L004_R2_001.fastq.gz,/mnt/picea/projects/aspseq/sjansson/senescence-RNA-Seq/raw
Timing is everything in autumn - coordination of senescence onset by a transcriptional program in response to environmental and phytohormone signals,280,Tree 16_21 of genotype 1 from block 8 collected on day of year 253 at 11 o'clock,2019-04-15T10:00:00,P12255_152_S49_L002_R1_001.fastq.gz,/mnt/picea/projects/aspseq/sjansson/senescence-RNA-Seq/raw
Timing is everything in autumn - coordination of senescence onset by a transcriptional program in response to environmental and phytohormone signals,280,Tree 16_21 of genotype 1 from block 8 collected on day of year 253 at 11 o'clock,2019-04-15T10:00:00,P12255_152_S49_L002_R2_001.fastq.gz,/mnt/picea/projects/aspseq/sjansson/senescence-RNA-Seq/raw
Timing is everything in autumn - coordination of senescence onset by a transcriptional program in response to environmental and phytohormone signals,283,Tree 3_17 of genotype 81 from block 3 collected on day of year 256 at 12 o'clock,2019-04-15T10:00:00,P12255_182_S79_L002_R1_001.fastq.gz,/mnt/picea/projects/aspseq/sjansson/senescence-RNA-Seq/raw
Timing is everything in autumn - coordination of senescence onset by a transcriptional program in response to environmental and phytohormone signals,283,Tree 3_17 of genotype 81 from block 3 collected on day of year 256 at 12 o'clock,2019-04-15T10:00:00,P12255_182_S79_L002_R2_001.fastq.gz,/mnt/picea/projects/aspseq/sjansson/senescence-RNA-Seq/raw
Timing is everything in autumn - coordination of senescence onset by a transcriptional program in response to environmental and phytohormone signals,286,Tree 3_28 of genotype 1 from block 5 collected on day of year 256 at 12 o'clock,2019-04-15T10:00:00,P12255_157_S54_L002_R1_001.fastq.gz,/mnt/picea/projects/aspseq/sjansson/senescence-RNA-Seq/raw
Timing is everything in autumn - coordination of senescence onset by a transcriptional program in response to environmental and phytohormone signals,286,Tree 3_28 of genotype 1 from block 5 collected on day of year 256 at 12 o'clock,2019-04-15T10:00:00,P12255_157_S54_L002_R2_001.fastq.gz,/mnt/picea/projects/aspseq/sjansson/senescence-RNA-Seq/raw
Timing is everything in autumn - coordination of senescence onset by a transcriptional program in response to environmental and phytohormone signals,288,Tree 9_22 of genotype 48 from block 6 collected on day of year 256 at 12 o'clock,2019-08-02T10:00:39,P13264_123_S88_L004_R1_001.fastq.gz,/mnt/picea/projects/aspseq/sjansson/senescence-RNA-Seq/raw
Timing is everything in autumn - coordination of senescence onset by a transcriptional program in response to environmental and phytohormone signals,288,Tree 9_22 of genotype 48 from block 6 collected on day of year 256 at 12 o'clock,2019-08-02T10:00:39,P13264_123_S88_L004_R2_001.fastq.gz,/mnt/picea/projects/aspseq/sjansson/senescence-RNA-Seq/raw
Timing is everything in autumn - coordination of senescence onset by a transcriptional program in response to environmental and phytohormone signals,290.1,Tree 11_14 of genotype 48 from block 4 collected on day of year 256 at 12 o'clock technical replicate number 1,2019-08-02T10:00:40,P13264_124_S23_L001_R1_001.fastq.gz,/mnt/picea/projects/aspseq/sjansson/senescence-RNA-Seq/raw
Timing is everything in autumn - coordination of senescence onset by a transcriptional program in response to environmental and phytohormone signals,290.1,Tree 11_14 of genotype 48 from block 4 collected on day of year 256 at 12 o'clock technical replicate number 1,2019-08-02T10:00:40,P13264_124_S23_L001_R2_001.fastq.gz,/mnt/picea/projects/aspseq/sjansson/senescence-RNA-Seq/raw
Timing is everything in autumn - coordination of senescence onset by a transcriptional program in response to environmental and phytohormone signals,290.2,Tree 11_14 of genotype 48 from block 4 collected on day of year 256 at 12 o'clock technical replicate number 2,2019-08-07T10:00:01,P13264_124_S89_L004_R1_001.fastq.gz,/mnt/picea/projects/aspseq/sjansson/senescence-RNA-Seq/raw
Timing is everything in autumn - coordination of senescence onset by a transcriptional program in response to environmental and phytohormone signals,290.2,Tree 11_14 of genotype 48 from block 4 collected on day of year 256 at 12 o'clock technical replicate number 2,2019-08-07T10:00:01,P13264_124_S89_L004_R2_001.fastq.gz,/mnt/picea/projects/aspseq/sjansson/senescence-RNA-Seq/raw
Timing is everything in autumn - coordination of senescence onset by a transcriptional program in response to environmental and phytohormone signals,298.1,Tree 16_7 of genotype 48 from block 7 collected on day of year 256 at 12 o'clock technical replicate number 1,2019-08-02T10:00:42,P13264_125_S24_L001_R1_001.fastq.gz,/mnt/picea/projects/aspseq/sjansson/senescence-RNA-Seq/raw
Timing is everything in autumn - coordination of senescence onset by a transcriptional program in response to environmental and phytohormone signals,298.1,Tree 16_7 of genotype 48 from block 7 collected on day of year 256 at 12 o'clock technical replicate number 1,2019-08-02T10:00:42,P13264_125_S24_L001_R2_001.fastq.gz,/mnt/picea/projects/aspseq/sjansson/senescence-RNA-Seq/raw
Timing is everything in autumn - coordination of senescence onset by a transcriptional program in response to environmental and phytohormone signals,298.2,Tree 16_7 of genotype 48 from block 7 collected on day of year 256 at 12 o'clock technical replicate number 2,2019-08-07T10:00:01,P13264_125_S90_L004_R1_001.fastq.gz,/mnt/picea/projects/aspseq/sjansson/senescence-RNA-Seq/raw
Timing is everything in autumn - coordination of senescence onset by a transcriptional program in response to environmental and phytohormone signals,298.2,Tree 16_7 of genotype 48 from block 7 collected on day of year 256 at 12 o'clock technical replicate number 2,2019-08-07T10:00:01,P13264_125_S90_L004_R2_001.fastq.gz,/mnt/picea/projects/aspseq/sjansson/senescence-RNA-Seq/raw
Timing is everything in autumn - coordination of senescence onset by a transcriptional program in response to environmental and phytohormone signals,301,Tree 1_14 of genotype 1 from block 3 collected on day of year 256 at 12 o'clock,2019-04-15T10:00:00,P12255_105_S5_L001_R1_001.fastq.gz,/mnt/picea/projects/aspseq/sjansson/senescence-RNA-Seq/raw
Timing is everything in autumn - coordination of senescence onset by a transcriptional program in response to environmental and phytohormone signals,301,Tree 1_14 of genotype 1 from block 3 collected on day of year 256 at 12 o'clock,2019-04-15T10:00:00,P12255_105_S5_L001_R2_001.fastq.gz,/mnt/picea/projects/aspseq/sjansson/senescence-RNA-Seq/raw
Timing is everything in autumn - coordination of senescence onset by a transcriptional program in response to environmental and phytohormone signals,303.1,Tree 16_7 of genotype 48 from block 7 collected on day of year 264 at 14 o'clock technical replicate number 1,2019-08-02T10:00:44,P13264_126_S25_L001_R1_001.fastq.gz,/mnt/picea/projects/aspseq/sjansson/senescence-RNA-Seq/raw
Timing is everything in autumn - coordination of senescence onset by a transcriptional program in response to environmental and phytohormone signals,303.1,Tree 16_7 of genotype 48 from block 7 collected on day of year 264 at 14 o'clock technical replicate number 1,2019-08-02T10:00:44,P13264_126_S25_L001_R2_001.fastq.gz,/mnt/picea/projects/aspseq/sjansson/senescence-RNA-Seq/raw
Timing is everything in autumn - coordination of senescence onset by a transcriptional program in response to environmental and phytohormone signals,303.2,Tree 16_7 of genotype 48 from block 7 collected on day of year 264 at 14 o'clock technical replicate number 2,2019-08-07T10:00:01,P13264_126_S91_L004_R1_001.fastq.gz,/mnt/picea/projects/aspseq/sjansson/senescence-RNA-Seq/raw
Timing is everything in autumn - coordination of senescence onset by a transcriptional program in response to environmental and phytohormone signals,303.2,Tree 16_7 of genotype 48 from block 7 collected on day of year 264 at 14 o'clock technical replicate number 2,2019-08-07T10:00:01,P13264_126_S91_L004_R2_001.fastq.gz,/mnt/picea/projects/aspseq/sjansson/senescence-RNA-Seq/raw
Timing is everything in autumn - coordination of senescence onset by a transcriptional program in response to environmental and phytohormone signals,331,Tree 16_21 of genotype 1 from block 8 collected on day of year 264 at 14 o'clock,2019-04-15T10:00:00,P12255_181_S78_L002_R1_001.fastq.gz,/mnt/picea/projects/aspseq/sjansson/senescence-RNA-Seq/raw
Timing is everything in autumn - coordination of senescence onset by a transcriptional program in response to environmental and phytohormone signals,331,Tree 16_21 of genotype 1 from block 8 collected on day of year 264 at 14 o'clock,2019-04-15T10:00:00,P12255_181_S78_L002_R2_001.fastq.gz,/mnt/picea/projects/aspseq/sjansson/senescence-RNA-Seq/raw
Timing is everything in autumn - coordination of senescence onset by a transcriptional program in response to environmental and phytohormone signals,333,Tree 3_28 of genotype 1 from block 5 collected on day of year 264 at 14 o'clock,2019-04-15T10:00:00,P12255_127_S25_L001_R1_001.fastq.gz,/mnt/picea/projects/aspseq/sjansson/senescence-RNA-Seq/raw
Timing is everything in autumn - coordination of senescence onset by a transcriptional program in response to environmental and phytohormone signals,333,Tree 3_28 of genotype 1 from block 5 collected on day of year 264 at 14 o'clock,2019-04-15T10:00:00,P12255_127_S25_L001_R2_001.fastq.gz,/mnt/picea/projects/aspseq/sjansson/senescence-RNA-Seq/raw
Timing is everything in autumn - coordination of senescence onset by a transcriptional program in response to environmental and phytohormone signals,336,Tree 3_17 of genotype 81 from block 3 collected on day of year 264 at 14 o'clock,2019-04-15T10:00:00,P12255_104_S4_L001_R1_001.fastq.gz,/mnt/picea/projects/aspseq/sjansson/senescence-RNA-Seq/raw
Timing is everything in autumn - coordination of senescence onset by a transcriptional program in response to environmental and phytohormone signals,336,Tree 3_17 of genotype 81 from block 3 collected on day of year 264 at 14 o'clock,2019-04-15T10:00:00,P12255_104_S4_L001_R2_001.fastq.gz,/mnt/picea/projects/aspseq/sjansson/senescence-RNA-Seq/raw
Timing is everything in autumn - coordination of senescence onset by a transcriptional program in response to environmental and phytohormone signals,337,Tree 1_14 of genotype 1 from block 3 collected on day of year 264 at 14 o'clock,2019-04-15T10:00:00,P12255_103_S3_L001_R1_001.fastq.gz,/mnt/picea/projects/aspseq/sjansson/senescence-RNA-Seq/raw
Timing is everything in autumn - coordination of senescence onset by a transcriptional program in response to environmental and phytohormone signals,337,Tree 1_14 of genotype 1 from block 3 collected on day of year 264 at 14 o'clock,2019-04-15T10:00:00,P12255_103_S3_L001_R2_001.fastq.gz,/mnt/picea/projects/aspseq/sjansson/senescence-RNA-Seq/raw
Timing is everything in autumn - coordination of senescence onset by a transcriptional program in response to environmental and phytohormone signals,341.1,Tree 9_22 of genotype 48 from block 6 collected on day of year 264 at 14 o'clock technical replicate number 1,2019-08-02T10:00:46,P13264_127_S26_L001_R1_001.fastq.gz,/mnt/picea/projects/aspseq/sjansson/senescence-RNA-Seq/raw
Timing is everything in autumn - coordination of senescence onset by a transcriptional program in response to environmental and phytohormone signals,341.1,Tree 9_22 of genotype 48 from block 6 collected on day of year 264 at 14 o'clock technical replicate number 1,2019-08-02T10:00:46,P13264_127_S26_L001_R2_001.fastq.gz,/mnt/picea/projects/aspseq/sjansson/senescence-RNA-Seq/raw
Timing is everything in autumn - coordination of senescence onset by a transcriptional program in response to environmental and phytohormone signals,341.2,Tree 9_22 of genotype 48 from block 6 collected on day of year 264 at 14 o'clock technical replicate number 2,2019-08-07T10:00:01,P13264_127_S92_L004_R1_001.fastq.gz,/mnt/picea/projects/aspseq/sjansson/senescence-RNA-Seq/raw
Timing is everything in autumn - coordination of senescence onset by a transcriptional program in response to environmental and phytohormone signals,341.2,Tree 9_22 of genotype 48 from block 6 collected on day of year 264 at 14 o'clock technical replicate number 2,2019-08-07T10:00:01,P13264_127_S92_L004_R2_001.fastq.gz,/mnt/picea/projects/aspseq/sjansson/senescence-RNA-Seq/raw
Timing is everything in autumn - coordination of senescence onset by a transcriptional program in response to environmental and phytohormone signals,347,Tree 7_8 of genotype 81 from block 2 collected on day of year 264 at 14 o'clock,2019-04-15T10:00:00,P12255_166_S63_L002_R1_001.fastq.gz,/mnt/picea/projects/aspseq/sjansson/senescence-RNA-Seq/raw
Timing is everything in autumn - coordination of senescence onset by a transcriptional program in response to environmental and phytohormone signals,347,Tree 7_8 of genotype 81 from block 2 collected on day of year 264 at 14 o'clock,2019-04-15T10:00:00,P12255_166_S63_L002_R2_001.fastq.gz,/mnt/picea/projects/aspseq/sjansson/senescence-RNA-Seq/raw
Timing is everything in autumn - coordination of senescence onset by a transcriptional program in response to environmental and phytohormone signals,371,Tree 1_14 of genotype 1 from block 3 collected on day of year 270 at 16 o'clock,2019-04-15T10:00:00,P12255_112_S12_L001_R1_001.fastq.gz,/mnt/picea/projects/aspseq/sjansson/senescence-RNA-Seq/raw
Timing is everything in autumn - coordination of senescence onset by a transcriptional program in response to environmental and phytohormone signals,371,Tree 1_14 of genotype 1 from block 3 collected on day of year 270 at 16 o'clock,2019-04-15T10:00:00,P12255_112_S12_L001_R2_001.fastq.gz,/mnt/picea/projects/aspseq/sjansson/senescence-RNA-Seq/raw
Timing is everything in autumn - coordination of senescence onset by a transcriptional program in response to environmental and phytohormone signals,372,Tree 4_5 of genotype 81 from block 1 collected on day of year 270 at 16 o'clock,2019-04-15T10:00:00,P12255_120_S19_L001_R1_001.fastq.gz,/mnt/picea/projects/aspseq/sjansson/senescence-RNA-Seq/raw
Timing is everything in autumn - coordination of senescence onset by a transcriptional program in response to environmental and phytohormone signals,372,Tree 4_5 of genotype 81 from block 1 collected on day of year 270 at 16 o'clock,2019-04-15T10:00:00,P12255_120_S19_L001_R2_001.fastq.gz,/mnt/picea/projects/aspseq/sjansson/senescence-RNA-Seq/raw
Timing is everything in autumn - coordination of senescence onset by a transcriptional program in response to environmental and phytohormone signals,374,Tree 3_17 of genotype 81 from block 3 collected on day of year 270 at 16 o'clock,2019-04-15T10:00:00,P12255_113_S13_L001_R1_001.fastq.gz,/mnt/picea/projects/aspseq/sjansson/senescence-RNA-Seq/raw
Timing is everything in autumn - coordination of senescence onset by a transcriptional program in response to environmental and phytohormone signals,374,Tree 3_17 of genotype 81 from block 3 collected on day of year 270 at 16 o'clock,2019-04-15T10:00:00,P12255_113_S13_L001_R2_001.fastq.gz,/mnt/picea/projects/aspseq/sjansson/senescence-RNA-Seq/raw
Timing is everything in autumn - coordination of senescence onset by a transcriptional program in response to environmental and phytohormone signals,379,Tree 7_8 of genotype 81 from block 2 collected on day of year 270 at 16 o'clock,2019-04-15T10:00:00,P12255_176_S73_L002_R1_001.fastq.gz,/mnt/picea/projects/aspseq/sjansson/senescence-RNA-Seq/raw
Timing is everything in autumn - coordination of senescence onset by a transcriptional program in response to environmental and phytohormone signals,379,Tree 7_8 of genotype 81 from block 2 collected on day of year 270 at 16 o'clock,2019-04-15T10:00:00,P12255_176_S73_L002_R2_001.fastq.gz,/mnt/picea/projects/aspseq/sjansson/senescence-RNA-Seq/raw
Timing is everything in autumn - coordination of senescence onset by a transcriptional program in response to environmental and phytohormone signals,382.1,Tree 16_7 of genotype 48 from block 7 collected on day of year 270 at 16 o'clock technical replicate number 1,2019-08-02T10:00:48,P13264_128_S27_L001_R1_001.fastq.gz,/mnt/picea/projects/aspseq/sjansson/senescence-RNA-Seq/raw
Timing is everything in autumn - coordination of senescence onset by a transcriptional program in response to environmental and phytohormone signals,382.1,Tree 16_7 of genotype 48 from block 7 collected on day of year 270 at 16 o'clock technical replicate number 1,2019-08-02T10:00:48,P13264_128_S27_L001_R2_001.fastq.gz,/mnt/picea/projects/aspseq/sjansson/senescence-RNA-Seq/raw
Timing is everything in autumn - coordination of senescence onset by a transcriptional program in response to environmental and phytohormone signals,382.2,Tree 16_7 of genotype 48 from block 7 collected on day of year 270 at 16 o'clock technical replicate number 2,2019-08-07T10:00:01,P13264_128_S93_L004_R1_001.fastq.gz,/mnt/picea/projects/aspseq/sjansson/senescence-RNA-Seq/raw
Timing is everything in autumn - coordination of senescence onset by a transcriptional program in response to environmental and phytohormone signals,382.2,Tree 16_7 of genotype 48 from block 7 collected on day of year 270 at 16 o'clock technical replicate number 2,2019-08-07T10:00:01,P13264_128_S93_L004_R2_001.fastq.gz,/mnt/picea/projects/aspseq/sjansson/senescence-RNA-Seq/raw
Timing is everything in autumn - coordination of senescence onset by a transcriptional program in response to environmental and phytohormone signals,383.1,Tree 11_14 of genotype 48 from block 4 collected on day of year 270 at 16 o'clock technical replicate number 1,2019-08-02T10:00:50,P13264_129_S28_L001_R1_001.fastq.gz,/mnt/picea/projects/aspseq/sjansson/senescence-RNA-Seq/raw
Timing is everything in autumn - coordination of senescence onset by a transcriptional program in response to environmental and phytohormone signals,383.1,Tree 11_14 of genotype 48 from block 4 collected on day of year 270 at 16 o'clock technical replicate number 1,2019-08-02T10:00:50,P13264_129_S28_L001_R2_001.fastq.gz,/mnt/picea/projects/aspseq/sjansson/senescence-RNA-Seq/raw
Timing is everything in autumn - coordination of senescence onset by a transcriptional program in response to environmental and phytohormone signals,383.2,Tree 11_14 of genotype 48 from block 4 collected on day of year 270 at 16 o'clock technical replicate number 2,2019-08-07T10:00:01,P13264_129_S94_L004_R1_001.fastq.gz,/mnt/picea/projects/aspseq/sjansson/senescence-RNA-Seq/raw
Timing is everything in autumn - coordination of senescence onset by a transcriptional program in response to environmental and phytohormone signals,383.2,Tree 11_14 of genotype 48 from block 4 collected on day of year 270 at 16 o'clock technical replicate number 2,2019-08-07T10:00:01,P13264_129_S94_L004_R2_001.fastq.gz,/mnt/picea/projects/aspseq/sjansson/senescence-RNA-Seq/raw
Timing is everything in autumn - coordination of senescence onset by a transcriptional program in response to environmental and phytohormone signals,384,Tree 9_22 of genotype 48 from block 6 collected on day of year 270 at 16 o'clock,2019-08-02T10:00:52,P13264_130_S95_L004_R1_001.fastq.gz,/mnt/picea/projects/aspseq/sjansson/senescence-RNA-Seq/raw
Timing is everything in autumn - coordination of senescence onset by a transcriptional program in response to environmental and phytohormone signals,384,Tree 9_22 of genotype 48 from block 6 collected on day of year 270 at 16 o'clock,2019-08-02T10:00:52,P13264_130_S95_L004_R2_001.fastq.gz,/mnt/picea/projects/aspseq/sjansson/senescence-RNA-Seq/raw
Timing is everything in autumn - coordination of senescence onset by a transcriptional program in response to environmental and phytohormone signals,388,Tree 3_28 of genotype 1 from block 5 collected on day of year 270 at 16 o'clock,2019-04-15T10:00:00,P12255_142_S39_L001_R1_001.fastq.gz,/mnt/picea/projects/aspseq/sjansson/senescence-RNA-Seq/raw
Timing is everything in autumn - coordination of senescence onset by a transcriptional program in response to environmental and phytohormone signals,388,Tree 3_28 of genotype 1 from block 5 collected on day of year 270 at 16 o'clock,2019-04-15T10:00:00,P12255_142_S39_L001_R2_001.fastq.gz,/mnt/picea/projects/aspseq/sjansson/senescence-RNA-Seq/raw
Timing is everything in autumn - coordination of senescence onset by a transcriptional program in response to environmental and phytohormone signals,394,Tree 16_21 of genotype 1 from block 8 collected on day of year 270 at 16 o'clock,2019-04-15T10:00:00,P12255_183_S80_L002_R1_001.fastq.gz,/mnt/picea/projects/aspseq/sjansson/senescence-RNA-Seq/raw
Timing is everything in autumn - coordination of senescence onset by a transcriptional program in response to environmental and phytohormone signals,394,Tree 16_21 of genotype 1 from block 8 collected on day of year 270 at 16 o'clock,2019-04-15T10:00:00,P12255_183_S80_L002_R2_001.fastq.gz,/mnt/picea/projects/aspseq/sjansson/senescence-RNA-Seq/raw